Disease,fever,headache,cough,sore_throat,runny_nose,body_pain,fatigue,nausea,vomiting,diarrhea
GERD,0,0,1,0,0,0,0,0,1,0
GERD,0,0,1,0,0,0,0,0,0,0
GERD,0,0,0,0,0,0,0,0,1,0
Chronic cholestasis,0,0,0,0,0,0,0,1,1,0
Chronic cholestasis,0,0,0,0,0,0,0,1,0,0
Chronic cholestasis,0,0,0,0,0,0,0,0,1,0
Peptic ulcer diseae,0,0,0,0,0,0,0,0,1,0
AIDS,1,0,0,0,0,0,0,0,0,0
Diabetes,0,0,0,0,0,0,1,0,0,0
Gastroenteritis,0,0,0,0,0,0,0,0,1,1
Gastroenteritis,0,0,0,0,0,0,0,0,0,1
Gastroenteritis,0,0,0,0,0,0,0,0,1,0
Bronchial Asthma,1,0,1,0,0,0,1,0,0,0
Bronchial Asthma,1,0,1,0,0,0,0,0,0,0
Bronchial Asthma,1,0,0,0,0,0,1,0,0,0
Bronchial Asthma,0,0,1,0,0,0,1,0,0,0
Hypertension,0,1,0,0,0,0,0,0,0,0
Migraine,0,1,0,0,0,0,0,0,0,0
Paralysis (brain hemorrhage),0,1,0,0,0,0,0,0,1,0
Paralysis (brain hemorrhage),0,1,0,0,0,0,0,0,0,0
Paralysis (brain hemorrhage),0,0,0,0,0,0,0,0,1,0
Jaundice,1,0,0,0,0,0,1,0,1,0
Jaundice,1,0,0,0,0,0,1,0,0,0
Jaundice,1,0,0,0,0,0,0,0,1,0
Jaundice,0,0,0,0,0,0,1,0,1,0
Malaria,1,1,0,0,0,1,0,1,1,0
Malaria,1,1,0,0,0,1,0,1,1,1
Malaria,1,1,0,0,0,1,0,1,0,1
Malaria,0,1,0,0,0,1,0,1,1,1
Malaria,1,0,0,0,0,1,0,1,1,1
Malaria,1,1,0,0,0,1,0,0,1,1
Chicken pox,1,1,0,0,0,0,1,0,0,0
Chicken pox,1,1,0,0,0,0,0,0,0,0
Chicken pox,1,0,0,0,0,0,1,0,0,0
Dengue,1,1,0,0,0,1,1,1,1,0
Dengue,1,1,0,0,0,0,1,1,1,0
Dengue,1,1,0,0,0,1,1,1,0,0
Dengue,1,1,0,0,0,1,0,1,1,0
Dengue,0,1,0,0,0,1,1,1,1,0
Typhoid,1,0,0,0,0,0,1,1,1,1
Typhoid,1,1,0,0,0,0,1,0,1,1
Typhoid,1,1,0,0,0,0,1,1,1,1
Typhoid,1,1,0,0,0,0,1,1,1,0
Typhoid,1,1,0,0,0,0,1,1,0,1
hepatitis A,1,0,0,0,0,1,0,1,1,1
hepatitis A,1,0,0,0,0,1,0,1,0,1
hepatitis A,1,0,0,0,0,1,0,0,1,1
hepatitis A,1,0,0,0,0,1,0,1,1,0
Hepatitis B,0,0,0,0,0,0,1,0,0,0
Hepatitis C,0,0,0,0,0,0,1,1,0,0
Hepatitis C,0,0,0,0,0,0,0,1,0,0
Hepatitis C,0,0,0,0,0,0,1,0,0,0
Hepatitis D,0,0,0,0,0,0,1,1,1,0
Hepatitis D,0,0,0,0,0,0,1,1,0,0
Hepatitis D,0,0,0,0,0,0,0,1,1,0
Hepatitis D,0,0,0,0,0,0,1,0,1,0
Hepatitis E,1,0,0,0,0,0,1,1,1,0
Hepatitis E,1,0,0,0,0,0,1,1,0,0
Hepatitis E,1,0,0,0,0,0,0,1,1,0
Hepatitis E,0,0,0,0,0,0,1,1,1,0
Hepatitis E,1,0,0,0,0,0,1,0,1,0
Alcoholic hepatitis,0,0,0,0,0,0,0,0,1,0
Tuberculosis,1,0,1,0,0,0,1,0,1,0
Tuberculosis,1,0,1,0,0,0,1,0,0,0
Tuberculosis,1,0,1,0,0,0,0,0,1,0
Tuberculosis,1,0,0,0,0,0,1,0,1,0
Common Cold,1,1,1,0,1,1,1,0,0,0
Common Cold,1,1,1,0,1,1,0,0,0,0
Common Cold,1,1,0,0,1,1,1,0,0,0
Common Cold,0,1,1,0,1,1,1,0,0,0
Common Cold,1,0,1,0,1,1,1,0,0,0
Pneumonia,1,0,1,0,0,0,1,0,0,0
Pneumonia,1,0,1,0,0,0,0,0,0,0
Pneumonia,1,0,0,0,0,0,1,0,0,0
Pneumonia,0,0,1,0,0,0,1,0,0,0
Heart attack,0,0,0,0,0,0,0,0,1,0
Varicose veins,0,0,0,0,0,0,1,0,0,0
Hypothyroidism,0,0,0,0,0,0,1,0,0,0
Hyperthyroidism,0,0,0,0,0,0,1,0,0,1
Hyperthyroidism,0,0,0,0,0,0,0,0,0,1
Hyperthyroidism,0,0,0,0,0,0,1,0,0,0
Hypoglycemia,0,1,0,0,0,0,1,1,1,0
Hypoglycemia,0,1,0,0,0,0,1,1,0,0
Hypoglycemia,0,1,0,0,0,0,0,1,1,0
Hypoglycemia,0,0,0,0,0,0,1,1,1,0
Hypoglycemia,0,1,0,0,0,0,1,0,1,0
(vertigo) Paroymsal  Positional Vertigo,0,1,0,0,0,0,0,1,1,0
(vertigo) Paroymsal  Positional Vertigo,0,1,0,0,0,0,0,1,0,0
(vertigo) Paroymsal  Positional Vertigo,0,0,0,0,0,0,0,1,1,0
(vertigo) Paroymsal  Positional Vertigo,0,1,0,0,0,0,0,0,1,0
Impetigo,1,0,0,0,0,0,0,0,0,0
