fever,headache,cough,sore_throat,runny_nose,body_pain,fatigue,nausea,vomiting,diarrhea,possible_category
1,1,1,1,1,1,1,0,0,0,flu_like
1,1,1,0,1,1,1,0,0,0,flu_like
1,1,1,1,0,1,1,0,0,0,flu_like
1,0,1,1,1,1,1,0,0,0,flu_like
1,1,1,0,1,0,1,0,0,0,flu_like
0,0,1,1,1,0,0,0,0,0,respiratory
1,0,1,1,1,0,1,0,0,0,respiratory
0,0,1,1,1,0,1,0,0,0,respiratory
0,0,1,0,1,0,0,0,0,0,respiratory
1,0,1,1,0,0,0,0,0,0,respiratory
1,1,0,0,0,1,1,0,0,0,viral_like
1,0,0,0,0,1,1,1,0,0,viral_like
1,1,0,0,0,1,0,0,0,0,viral_like
1,0,0,0,0,1,1,0,0,0,viral_like
1,1,0,0,0,0,1,0,0,0,viral_like
0,0,0,0,0,0,0,1,1,1,gastrointestinal
0,0,0,0,0,0,0,1,1,0,gastrointestinal
0,0,0,0,0,0,1,0,0,1,gastrointestinal
0,0,0,0,0,0,0,1,0,1,gastrointestinal
0,0,0,0,0,0,0,0,1,1,gastrointestinal
0,1,0,0,0,0,0,0,0,0,headache_like
0,1,0,0,0,1,1,0,0,0,headache_like
0,1,0,0,0,0,1,0,0,0,headache_like
0,1,0,0,0,1,0,0,0,0,headache_like
0,0,0,0,0,0,1,0,0,0,fatigue_like
0,0,0,0,0,1,1,0,0,0,fatigue_like
0,0,0,0,0,0,1,1,0,0,fatigue_like
1,0,1,0,0,0,1,0,0,0,flu_like
1,0,1,0,0,0,0,0,0,0,flu_like
0,1,0,0,0,0,0,0,1,0,headache_like
0,0,0,0,0,0,1,0,1,0,fatigue_like
1,1,0,0,0,1,0,1,1,0,gastrointestinal
1,1,0,0,0,1,0,1,1,1,gastrointestinal
1,1,0,0,0,1,0,1,0,1,gastrointestinal
0,1,0,0,0,1,0,1,1,1,gastrointestinal
1,0,0,0,0,1,0,1,1,1,gastrointestinal
1,1,0,0,0,1,0,0,1,1,gastrointestinal
1,1,0,0,0,0,1,0,0,0,flu_like
1,1,0,0,0,0,0,0,0,0,flu_like
1,1,0,0,0,1,1,1,1,0,gastrointestinal
1,1,0,0,0,0,1,1,1,0,gastrointestinal
1,1,0,0,0,1,1,1,0,0,flu_like
0,1,0,0,0,1,1,1,1,0,gastrointestinal
1,0,0,0,0,0,1,1,1,1,gastrointestinal
1,1,0,0,0,0,1,0,1,1,gastrointestinal
1,1,0,0,0,0,1,1,1,1,gastrointestinal
1,1,0,0,0,0,1,1,0,1,gastrointestinal
1,0,0,0,0,1,0,1,0,1,gastrointestinal
1,0,0,0,0,1,0,0,1,1,gastrointestinal
1,0,0,0,0,1,0,1,1,0,gastrointestinal
0,0,0,0,0,0,1,1,1,0,gastrointestinal
1,0,0,0,0,0,1,1,1,0,gastrointestinal
1,0,0,0,0,0,0,1,1,0,gastrointestinal
1,0,1,0,0,0,1,0,1,0,flu_like
1,0,1,0,0,0,0,0,1,0,flu_like
1,1,1,0,1,1,0,0,0,0,flu_like
1,1,0,0,1,1,1,0,0,0,flu_like
0,1,1,0,1,1,1,0,0,0,respiratory
1,0,1,0,1,1,1,0,0,0,flu_like
0,0,0,0,0,0,1,0,0,1,fatigue_like
0,1,0,0,0,0,1,1,1,0,gastrointestinal
0,1,0,0,0,0,1,1,0,0,headache_like
0,1,0,0,0,0,0,1,1,0,gastrointestinal
0,1,0,0,0,0,1,0,1,0,headache_like
0,1,0,0,0,0,0,1,0,0,headache_like
